5,-48,xQW85Y4QIx/RZc4MsgsHw1B92Lk=,K32iVh6Cy+YD9LZuOZty9cmQ+CI=
6,-45,xQW85Y4QIx/RZc4MsgsHw1B92Lk=,K32iVh6Cy+YD9LZuOZty9cmQ+CI=
6,-46,xQW85Y4QIx/RZc4MsgsHw1B92Lk=,K32iVh6Cy+YD9LZuOZty9cmQ+CI=
5,-46,xQW85Y4QIx/RZc4MsgsHw1B92Lk=,K32iVh6Cy+YD9LZuOZty9cmQ+CI=
0,-48,xQW85Y4QIx/RZc4MsgsHw1B92Lk=,K32iVh6Cy+YD9LZuOZty9cmQ+CI=
7,-45,xQW85Y4QIx/RZc4MsgsHw1B92Lk=,K32iVh6Cy+YD9LZuOZty9cmQ+CI=
9,-45,xQW85Y4QIx/RZc4MsgsHw1B92Lk=,K32iVh6Cy+YD9LZuOZty9cmQ+CI=
8,-45,xQW85Y4QIx/RZc4MsgsHw1B92Lk=,K32iVh6Cy+YD9LZuOZty9cmQ+CI=
3,-48,xQW85Y4QIx/RZc4MsgsHw1B92Lk=,K32iVh6Cy+YD9LZuOZty9cmQ+CI=
5,-45,xQW85Y4QIx/RZc4MsgsHw1B92Lk=,K32iVh6Cy+YD9LZuOZty9cmQ+CI=
10,-45,xQW85Y4QIx/RZc4MsgsHw1B92Lk=,K32iVh6Cy+YD9LZuOZty9cmQ+CI=
11,-45,xQW85Y4QIx/RZc4MsgsHw1B92Lk=,K32iVh6Cy+YD9LZuOZty9cmQ+CI=
12,-45,xQW85Y4QIx/RZc4MsgsHw1B92Lk=,K32iVh6Cy+YD9LZuOZty9cmQ+CI=
3,-45,xQW85Y4QIx/RZc4MsgsHw1B92Lk=,K32iVh6Cy+YD9LZuOZty9cmQ+CI=
13,-45,xQW85Y4QIx/RZc4MsgsHw1B92Lk=,K32iVh6Cy+YD9LZuOZty9cmQ+CI=
5,-47,xQW85Y4QIx/RZc4MsgsHw1B92Lk=,K32iVh6Cy+YD9LZuOZty9cmQ+CI=
15,-33,xQW85Y4QIx/RZc4MsgsHw1B92Lk=,K32iVh6Cy+YD9LZuOZty9cmQ+CI=
15,-45,xQW85Y4QIx/RZc4MsgsHw1B92Lk=,K32iVh6Cy+YD9LZuOZty9cmQ+CI=
4,-45,xQW85Y4QIx/RZc4MsgsHw1B92Lk=,K32iVh6Cy+YD9LZuOZty9cmQ+CI=
2,-45,xQW85Y4QIx/RZc4MsgsHw1B92Lk=,K32iVh6Cy+YD9LZuOZty9cmQ+CI=
7,-46,xQW85Y4QIx/RZc4MsgsHw1B92Lk=,K32iVh6Cy+YD9LZuOZty9cmQ+CI=
1,-48,xQW85Y4QIx/RZc4MsgsHw1B92Lk=,K32iVh6Cy+YD9LZuOZty9cmQ+CI=
4,-46,xQW85Y4QIx/RZc4MsgsHw1B92Lk=,K32iVh6Cy+YD9LZuOZty9cmQ+CI=
14,-45,xQW85Y4QIx/RZc4MsgsHw1B92Lk=,K32iVh6Cy+YD9LZuOZty9cmQ+CI=
6,-48,xQW85Y4QIx/RZc4MsgsHw1B92Lk=,K32iVh6Cy+YD9LZuOZty9cmQ+CI=
4,-47,xQW85Y4QIx/RZc4MsgsHw1B92Lk=,K32iVh6Cy+YD9LZuOZty9cmQ+CI=
6,-47,xQW85Y4QIx/RZc4MsgsHw1B92Lk=,K32iVh6Cy+YD9LZuOZty9cmQ+CI=
14,-33,xQW85Y4QIx/RZc4MsgsHw1B92Lk=,K32iVh6Cy+YD9LZuOZty9cmQ+CI=
13,-33,xQW85Y4QIx/RZc4MsgsHw1B92Lk=,K32iVh6Cy+YD9LZuOZty9cmQ+CI=
1,-44,xQW85Y4QIx/RZc4MsgsHw1B92Lk=,K32iVh6Cy+YD9LZuOZty9cmQ+CI=
2,-44,xQW85Y4QIx/RZc4MsgsHw1B92Lk=,K32iVh6Cy+YD9LZuOZty9cmQ+CI=
11,-33,xQW85Y4QIx/RZc4MsgsHw1B92Lk=,K32iVh6Cy+YD9LZuOZty9cmQ+CI=
10,-33,xQW85Y4QIx/RZc4MsgsHw1B92Lk=,K32iVh6Cy+YD9LZuOZty9cmQ+CI=
0,-44,xQW85Y4QIx/RZc4MsgsHw1B92Lk=,K32iVh6Cy+YD9LZuOZty9cmQ+CI=
12,-33,xQW85Y4QIx/RZc4MsgsHw1B92Lk=,K32iVh6Cy+YD9LZuOZty9cmQ+CI=
3,-44,xQW85Y4QIx/RZc4MsgsHw1B92Lk=,K32iVh6Cy+YD9LZuOZty9cmQ+CI=
3,-47,xQW85Y4QIx/RZc4MsgsHw1B92Lk=,K32iVh6Cy+YD9LZuOZty9cmQ+CI=
4,-44,xQW85Y4QIx/RZc4MsgsHw1B92Lk=,K32iVh6Cy+YD9LZuOZty9cmQ+CI=
5,-44,xQW85Y4QIx/RZc4MsgsHw1B92Lk=,K32iVh6Cy+YD9LZuOZty9cmQ+CI=
3,-46,xQW85Y4QIx/RZc4MsgsHw1B92Lk=,K32iVh6Cy+YD9LZuOZty9cmQ+CI=
9,-33,xQW85Y4QIx/RZc4MsgsHw1B92Lk=,K32iVh6Cy+YD9LZuOZty9cmQ+CI=
7,-33,xQW85Y4QIx/RZc4MsgsHw1B92Lk=,K32iVh6Cy+YD9LZuOZty9cmQ+CI=
8,-33,xQW85Y4QIx/RZc4MsgsHw1B92Lk=,K32iVh6Cy+YD9LZuOZty9cmQ+CI=
6,-44,xQW85Y4QIx/RZc4MsgsHw1B92Lk=,K32iVh6Cy+YD9LZuOZty9cmQ+CI=
5,-33,xQW85Y4QIx/RZc4MsgsHw1B92Lk=,K32iVh6Cy+YD9LZuOZty9cmQ+CI=
4,-33,xQW85Y4QIx/RZc4MsgsHw1B92Lk=,K32iVh6Cy+YD9LZuOZty9cmQ+CI=
7,-44,xQW85Y4QIx/RZc4MsgsHw1B92Lk=,K32iVh6Cy+YD9LZuOZty9cmQ+CI=
6,-33,xQW85Y4QIx/RZc4MsgsHw1B92Lk=,K32iVh6Cy+YD9LZuOZty9cmQ+CI=
2,-33,xQW85Y4QIx/RZc4MsgsHw1B92Lk=,K32iVh6Cy+YD9LZuOZty9cmQ+CI=
8,-44,xQW85Y4QIx/RZc4MsgsHw1B92Lk=,K32iVh6Cy+YD9LZuOZty9cmQ+CI=
1,-33,xQW85Y4QIx/RZc4MsgsHw1B92Lk=,K32iVh6Cy+YD9LZuOZty9cmQ+CI=
15,-34,xQW85Y4QIx/RZc4MsgsHw1B92Lk=,K32iVh6Cy+YD9LZuOZty9cmQ+CI=
9,-44,xQW85Y4QIx/RZc4MsgsHw1B92Lk=,K32iVh6Cy+YD9LZuOZty9cmQ+CI=
0,-33,xQW85Y4QIx/RZc4MsgsHw1B92Lk=,K32iVh6Cy+YD9LZuOZty9cmQ+CI=
10,-44,xQW85Y4QIx/RZc4MsgsHw1B92Lk=,K32iVh6Cy+YD9LZuOZty9cmQ+CI=
3,-33,xQW85Y4QIx/RZc4MsgsHw1B92Lk=,K32iVh6Cy+YD9LZuOZty9cmQ+CI=
13,-34,xQW85Y4QIx/RZc4MsgsHw1B92Lk=,K32iVh6Cy+YD9LZuOZty9cmQ+CI=
10,-34,xQW85Y4QIx/RZc4MsgsHw1B92Lk=,K32iVh6Cy+YD9LZuOZty9cmQ+CI=
12,-34,xQW85Y4QIx/RZc4MsgsHw1B92Lk=,K32iVh6Cy+YD9LZuOZty9cmQ+CI=
11,-34,xQW85Y4QIx/RZc4MsgsHw1B92Lk=,K32iVh6Cy+YD9LZuOZty9cmQ+CI=
9,-34,xQW85Y4QIx/RZc4MsgsHw1B92Lk=,K32iVh6Cy+YD9LZuOZty9cmQ+CI=
11,-44,xQW85Y4QIx/RZc4MsgsHw1B92Lk=,K32iVh6Cy+YD9LZuOZty9cmQ+CI=
7,-34,xQW85Y4QIx/RZc4MsgsHw1B92Lk=,K32iVh6Cy+YD9LZuOZty9cmQ+CI=
12,-44,xQW85Y4QIx/RZc4MsgsHw1B92Lk=,K32iVh6Cy+YD9LZuOZty9cmQ+CI=
8,-34,xQW85Y4QIx/RZc4MsgsHw1B92Lk=,K32iVh6Cy+YD9LZuOZty9cmQ+CI=
6,-34,xQW85Y4QIx/RZc4MsgsHw1B92Lk=,K32iVh6Cy+YD9LZuOZty9cmQ+CI=
13,-44,xQW85Y4QIx/RZc4MsgsHw1B92Lk=,K32iVh6Cy+YD9LZuOZty9cmQ+CI=
4,-34,xQW85Y4QIx/RZc4MsgsHw1B92Lk=,K32iVh6Cy+YD9LZuOZty9cmQ+CI=
14,-34,xQW85Y4QIx/RZc4MsgsHw1B92Lk=,K32iVh6Cy+YD9LZuOZty9cmQ+CI=
2,-34,xQW85Y4QIx/RZc4MsgsHw1B92Lk=,K32iVh6Cy+YD9LZuOZty9cmQ+CI=
3,-34,xQW85Y4QIx/RZc4MsgsHw1B92Lk=,K32iVh6Cy+YD9LZuOZty9cmQ+CI=
4,-48,xQW85Y4QIx/RZc4MsgsHw1B92Lk=,K32iVh6Cy+YD9LZuOZty9cmQ+CI=
14,-44,xQW85Y4QIx/RZc4MsgsHw1B92Lk=,K32iVh6Cy+YD9LZuOZty9cmQ+CI=
2,-46,xQW85Y4QIx/RZc4MsgsHw1B92Lk=,K32iVh6Cy+YD9LZuOZty9cmQ+CI=
2,-47,xQW85Y4QIx/RZc4MsgsHw1B92Lk=,K32iVh6Cy+YD9LZuOZty9cmQ+CI=
15,-44,xQW85Y4QIx/RZc4MsgsHw1B92Lk=,K32iVh6Cy+YD9LZuOZty9cmQ+CI=
1,-34,xQW85Y4QIx/RZc4MsgsHw1B92Lk=,K32iVh6Cy+YD9LZuOZty9cmQ+CI=
0,-34,xQW85Y4QIx/RZc4MsgsHw1B92Lk=,K32iVh6Cy+YD9LZuOZty9cmQ+CI=
1,-45,xQW85Y4QIx/RZc4MsgsHw1B92Lk=,K32iVh6Cy+YD9LZuOZty9cmQ+CI=
14,-35,xQW85Y4QIx/RZc4MsgsHw1B92Lk=,K32iVh6Cy+YD9LZuOZty9cmQ+CI=
13,-35,xQW85Y4QIx/RZc4MsgsHw1B92Lk=,K32iVh6Cy+YD9LZuOZty9cmQ+CI=
7,-47,xQW85Y4QIx/RZc4MsgsHw1B92Lk=,K32iVh6Cy+YD9LZuOZty9cmQ+CI=
5,-34,xQW85Y4QIx/RZc4MsgsHw1B92Lk=,K32iVh6Cy+YD9LZuOZty9cmQ+CI=
12,-35,xQW85Y4QIx/RZc4MsgsHw1B92Lk=,K32iVh6Cy+YD9LZuOZty9cmQ+CI=
7,-48,xQW85Y4QIx/RZc4MsgsHw1B92Lk=,K32iVh6Cy+YD9LZuOZty9cmQ+CI=
10,-35,xQW85Y4QIx/RZc4MsgsHw1B92Lk=,K32iVh6Cy+YD9LZuOZty9cmQ+CI=
15,-35,xQW85Y4QIx/RZc4MsgsHw1B92Lk=,K32iVh6Cy+YD9LZuOZty9cmQ+CI=
11,-35,xQW85Y4QIx/RZc4MsgsHw1B92Lk=,K32iVh6Cy+YD9LZuOZty9cmQ+CI=
8,-35,xQW85Y4QIx/RZc4MsgsHw1B92Lk=,K32iVh6Cy+YD9LZuOZty9cmQ+CI=
9,-35,xQW85Y4QIx/RZc4MsgsHw1B92Lk=,K32iVh6Cy+YD9LZuOZty9cmQ+CI=
7,-35,xQW85Y4QIx/RZc4MsgsHw1B92Lk=,K32iVh6Cy+YD9LZuOZty9cmQ+CI=
0,-43,xQW85Y4QIx/RZc4MsgsHw1B92Lk=,K32iVh6Cy+YD9LZuOZty9cmQ+CI=
6,-35,xQW85Y4QIx/RZc4MsgsHw1B92Lk=,K32iVh6Cy+YD9LZuOZty9cmQ+CI=
4,-35,xQW85Y4QIx/RZc4MsgsHw1B92Lk=,K32iVh6Cy+YD9LZuOZty9cmQ+CI=
3,-35,xQW85Y4QIx/RZc4MsgsHw1B92Lk=,K32iVh6Cy+YD9LZuOZty9cmQ+CI=
5,-35,xQW85Y4QIx/RZc4MsgsHw1B92Lk=,K32iVh6Cy+YD9LZuOZty9cmQ+CI=
2,-35,xQW85Y4QIx/RZc4MsgsHw1B92Lk=,K32iVh6Cy+YD9LZuOZty9cmQ+CI=
8,-46,xQW85Y4QIx/RZc4MsgsHw1B92Lk=,K32iVh6Cy+YD9LZuOZty9cmQ+CI=
1,-35,xQW85Y4QIx/RZc4MsgsHw1B92Lk=,K32iVh6Cy+YD9LZuOZty9cmQ+CI=
1,-47,xQW85Y4QIx/RZc4MsgsHw1B92Lk=,K32iVh6Cy+YD9LZuOZty9cmQ+CI=
0,-35,xQW85Y4QIx/RZc4MsgsHw1B92Lk=,K32iVh6Cy+YD9LZuOZty9cmQ+CI=
1,-46,xQW85Y4QIx/RZc4MsgsHw1B92Lk=,K32iVh6Cy+YD9LZuOZty9cmQ+CI=
15,-36,xQW85Y4QIx/RZc4MsgsHw1B92Lk=,K32iVh6Cy+YD9LZuOZty9cmQ+CI=
13,-36,xQW85Y4QIx/RZc4MsgsHw1B92Lk=,K32iVh6Cy+YD9LZuOZty9cmQ+CI=
0,-47,xQW85Y4QIx/RZc4MsgsHw1B92Lk=,K32iVh6Cy+YD9LZuOZty9cmQ+CI=
1,-43,xQW85Y4QIx/RZc4MsgsHw1B92Lk=,K32iVh6Cy+YD9LZuOZty9cmQ+CI=
11,-36,xQW85Y4QIx/RZc4MsgsHw1B92Lk=,K32iVh6Cy+YD9LZuOZty9cmQ+CI=
14,-36,xQW85Y4QIx/RZc4MsgsHw1B92Lk=,K32iVh6Cy+YD9LZuOZty9cmQ+CI=
9,-36,xQW85Y4QIx/RZc4MsgsHw1B92Lk=,K32iVh6Cy+YD9LZuOZty9cmQ+CI=
12,-36,xQW85Y4QIx/RZc4MsgsHw1B92Lk=,K32iVh6Cy+YD9LZuOZty9cmQ+CI=
2,-43,xQW85Y4QIx/RZc4MsgsHw1B92Lk=,K32iVh6Cy+YD9LZuOZty9cmQ+CI=
10,-36,xQW85Y4QIx/RZc4MsgsHw1B92Lk=,K32iVh6Cy+YD9LZuOZty9cmQ+CI=
5,-36,xQW85Y4QIx/RZc4MsgsHw1B92Lk=,K32iVh6Cy+YD9LZuOZty9cmQ+CI=
7,-36,xQW85Y4QIx/RZc4MsgsHw1B92Lk=,K32iVh6Cy+YD9LZuOZty9cmQ+CI=
4,-36,xQW85Y4QIx/RZc4MsgsHw1B92Lk=,K32iVh6Cy+YD9LZuOZty9cmQ+CI=
3,-36,xQW85Y4QIx/RZc4MsgsHw1B92Lk=,K32iVh6Cy+YD9LZuOZty9cmQ+CI=
6,-36,xQW85Y4QIx/RZc4MsgsHw1B92Lk=,K32iVh6Cy+YD9LZuOZty9cmQ+CI=
2,-36,xQW85Y4QIx/RZc4MsgsHw1B92Lk=,K32iVh6Cy+YD9LZuOZty9cmQ+CI=
15,-48,xQW85Y4QIx/RZc4MsgsHw1B92Lk=,K32iVh6Cy+YD9LZuOZty9cmQ+CI=
3,-43,xQW85Y4QIx/RZc4MsgsHw1B92Lk=,K32iVh6Cy+YD9LZuOZty9cmQ+CI=
1,-36,xQW85Y4QIx/RZc4MsgsHw1B92Lk=,K32iVh6Cy+YD9LZuOZty9cmQ+CI=
14,-48,xQW85Y4QIx/RZc4MsgsHw1B92Lk=,K32iVh6Cy+YD9LZuOZty9cmQ+CI=
4,-43,xQW85Y4QIx/RZc4MsgsHw1B92Lk=,K32iVh6Cy+YD9LZuOZty9cmQ+CI=
2,-48,xQW85Y4QIx/RZc4MsgsHw1B92Lk=,K32iVh6Cy+YD9LZuOZty9cmQ+CI=
15,-47,xQW85Y4QIx/RZc4MsgsHw1B92Lk=,K32iVh6Cy+YD9LZuOZty9cmQ+CI=
0,-36,xQW85Y4QIx/RZc4MsgsHw1B92Lk=,K32iVh6Cy+YD9LZuOZty9cmQ+CI=
15,-37,xQW85Y4QIx/RZc4MsgsHw1B92Lk=,K32iVh6Cy+YD9LZuOZty9cmQ+CI=
5,-43,xQW85Y4QIx/RZc4MsgsHw1B92Lk=,K32iVh6Cy+YD9LZuOZty9cmQ+CI=
14,-37,xQW85Y4QIx/RZc4MsgsHw1B92Lk=,K32iVh6Cy+YD9LZuOZty9cmQ+CI=
8,-36,xQW85Y4QIx/RZc4MsgsHw1B92Lk=,K32iVh6Cy+YD9LZuOZty9cmQ+CI=
13,-37,xQW85Y4QIx/RZc4MsgsHw1B92Lk=,K32iVh6Cy+YD9LZuOZty9cmQ+CI=
9,-37,xQW85Y4QIx/RZc4MsgsHw1B92Lk=,K32iVh6Cy+YD9LZuOZty9cmQ+CI=
8,-37,xQW85Y4QIx/RZc4MsgsHw1B92Lk=,K32iVh6Cy+YD9LZuOZty9cmQ+CI=
6,-43,xQW85Y4QIx/RZc4MsgsHw1B92Lk=,K32iVh6Cy+YD9LZuOZty9cmQ+CI=
7,-37,xQW85Y4QIx/RZc4MsgsHw1B92Lk=,K32iVh6Cy+YD9LZuOZty9cmQ+CI=
6,-37,xQW85Y4QIx/RZc4MsgsHw1B92Lk=,K32iVh6Cy+YD9LZuOZty9cmQ+CI=
10,-37,xQW85Y4QIx/RZc4MsgsHw1B92Lk=,K32iVh6Cy+YD9LZuOZty9cmQ+CI=
11,-37,xQW85Y4QIx/RZc4MsgsHw1B92Lk=,K32iVh6Cy+YD9LZuOZty9cmQ+CI=
5,-37,xQW85Y4QIx/RZc4MsgsHw1B92Lk=,K32iVh6Cy+YD9LZuOZty9cmQ+CI=
0,-45,xQW85Y4QIx/RZc4MsgsHw1B92Lk=,K32iVh6Cy+YD9LZuOZty9cmQ+CI=
7,-43,xQW85Y4QIx/RZc4MsgsHw1B92Lk=,K32iVh6Cy+YD9LZuOZty9cmQ+CI=
4,-37,xQW85Y4QIx/RZc4MsgsHw1B92Lk=,K32iVh6Cy+YD9LZuOZty9cmQ+CI=
12,-37,xQW85Y4QIx/RZc4MsgsHw1B92Lk=,K32iVh6Cy+YD9LZuOZty9cmQ+CI=
3,-37,xQW85Y4QIx/RZc4MsgsHw1B92Lk=,K32iVh6Cy+YD9LZuOZty9cmQ+CI=
0,-46,xQW85Y4QIx/RZc4MsgsHw1B92Lk=,K32iVh6Cy+YD9LZuOZty9cmQ+CI=
15,-46,xQW85Y4QIx/RZc4MsgsHw1B92Lk=,K32iVh6Cy+YD9LZuOZty9cmQ+CI=
13,-48,xQW85Y4QIx/RZc4MsgsHw1B92Lk=,K32iVh6Cy+YD9LZuOZty9cmQ+CI=
1,-37,xQW85Y4QIx/RZc4MsgsHw1B92Lk=,K32iVh6Cy+YD9LZuOZty9cmQ+CI=
8,-43,xQW85Y4QIx/RZc4MsgsHw1B92Lk=,K32iVh6Cy+YD9LZuOZty9cmQ+CI=
14,-47,xQW85Y4QIx/RZc4MsgsHw1B92Lk=,K32iVh6Cy+YD9LZuOZty9cmQ+CI=
15,-38,xQW85Y4QIx/RZc4MsgsHw1B92Lk=,K32iVh6Cy+YD9LZuOZty9cmQ+CI=
2,-37,xQW85Y4QIx/RZc4MsgsHw1B92Lk=,K32iVh6Cy+YD9LZuOZty9cmQ+CI=
14,-38,xQW85Y4QIx/RZc4MsgsHw1B92Lk=,K32iVh6Cy+YD9LZuOZty9cmQ+CI=
9,-43,xQW85Y4QIx/RZc4MsgsHw1B92Lk=,K32iVh6Cy+YD9LZuOZty9cmQ+CI=
11,-38,xQW85Y4QIx/RZc4MsgsHw1B92Lk=,K32iVh6Cy+YD9LZuOZty9cmQ+CI=
10,-38,xQW85Y4QIx/RZc4MsgsHw1B92Lk=,K32iVh6Cy+YD9LZuOZty9cmQ+CI=
12,-38,xQW85Y4QIx/RZc4MsgsHw1B92Lk=,K32iVh6Cy+YD9LZuOZty9cmQ+CI=
9,-38,xQW85Y4QIx/RZc4MsgsHw1B92Lk=,K32iVh6Cy+YD9LZuOZty9cmQ+CI=
13,-38,xQW85Y4QIx/RZc4MsgsHw1B92Lk=,K32iVh6Cy+YD9LZuOZty9cmQ+CI=
0,-37,xQW85Y4QIx/RZc4MsgsHw1B92Lk=,K32iVh6Cy+YD9LZuOZty9cmQ+CI=
14,-46,xQW85Y4QIx/RZc4MsgsHw1B92Lk=,K32iVh6Cy+YD9LZuOZty9cmQ+CI=
10,-43,xQW85Y4QIx/RZc4MsgsHw1B92Lk=,K32iVh6Cy+YD9LZuOZty9cmQ+CI=
13,-47,xQW85Y4QIx/RZc4MsgsHw1B92Lk=,K32iVh6Cy+YD9LZuOZty9cmQ+CI=
6,-38,xQW85Y4QIx/RZc4MsgsHw1B92Lk=,K32iVh6Cy+YD9LZuOZty9cmQ+CI=
3,-38,xQW85Y4QIx/RZc4MsgsHw1B92Lk=,K32iVh6Cy+YD9LZuOZty9cmQ+CI=
7,-38,xQW85Y4QIx/RZc4MsgsHw1B92Lk=,K32iVh6Cy+YD9LZuOZty9cmQ+CI=
5,-38,xQW85Y4QIx/RZc4MsgsHw1B92Lk=,K32iVh6Cy+YD9LZuOZty9cmQ+CI=
8,-38,xQW85Y4QIx/RZc4MsgsHw1B92Lk=,K32iVh6Cy+YD9LZuOZty9cmQ+CI=
1,-38,xQW85Y4QIx/RZc4MsgsHw1B92Lk=,K32iVh6Cy+YD9LZuOZty9cmQ+CI=
13,-46,xQW85Y4QIx/RZc4MsgsHw1B92Lk=,K32iVh6Cy+YD9LZuOZty9cmQ+CI=
12,-47,xQW85Y4QIx/RZc4MsgsHw1B92Lk=,K32iVh6Cy+YD9LZuOZty9cmQ+CI=
11,-43,xQW85Y4QIx/RZc4MsgsHw1B92Lk=,K32iVh6Cy+YD9LZuOZty9cmQ+CI=
2,-38,xQW85Y4QIx/RZc4MsgsHw1B92Lk=,K32iVh6Cy+YD9LZuOZty9cmQ+CI=
0,-38,xQW85Y4QIx/RZc4MsgsHw1B92Lk=,K32iVh6Cy+YD9LZuOZty9cmQ+CI=
4,-38,xQW85Y4QIx/RZc4MsgsHw1B92Lk=,K32iVh6Cy+YD9LZuOZty9cmQ+CI=
13,-39,xQW85Y4QIx/RZc4MsgsHw1B92Lk=,K32iVh6Cy+YD9LZuOZty9cmQ+CI=
12,-48,xQW85Y4QIx/RZc4MsgsHw1B92Lk=,K32iVh6Cy+YD9LZuOZty9cmQ+CI=
12,-43,xQW85Y4QIx/RZc4MsgsHw1B92Lk=,K32iVh6Cy+YD9LZuOZty9cmQ+CI=
15,-39,xQW85Y4QIx/RZc4MsgsHw1B92Lk=,K32iVh6Cy+YD9LZuOZty9cmQ+CI=
8,-39,xQW85Y4QIx/RZc4MsgsHw1B92Lk=,K32iVh6Cy+YD9LZuOZty9cmQ+CI=
11,-39,xQW85Y4QIx/RZc4MsgsHw1B92Lk=,K32iVh6Cy+YD9LZuOZty9cmQ+CI=
7,-39,xQW85Y4QIx/RZc4MsgsHw1B92Lk=,K32iVh6Cy+YD9LZuOZty9cmQ+CI=
14,-39,xQW85Y4QIx/RZc4MsgsHw1B92Lk=,K32iVh6Cy+YD9LZuOZty9cmQ+CI=
5,-39,xQW85Y4QIx/RZc4MsgsHw1B92Lk=,K32iVh6Cy+YD9LZuOZty9cmQ+CI=
10,-39,xQW85Y4QIx/RZc4MsgsHw1B92Lk=,K32iVh6Cy+YD9LZuOZty9cmQ+CI=
9,-39,xQW85Y4QIx/RZc4MsgsHw1B92Lk=,K32iVh6Cy+YD9LZuOZty9cmQ+CI=
13,-43,xQW85Y4QIx/RZc4MsgsHw1B92Lk=,K32iVh6Cy+YD9LZuOZty9cmQ+CI=
4,-39,xQW85Y4QIx/RZc4MsgsHw1B92Lk=,K32iVh6Cy+YD9LZuOZty9cmQ+CI=
2,-39,xQW85Y4QIx/RZc4MsgsHw1B92Lk=,K32iVh6Cy+YD9LZuOZty9cmQ+CI=
6,-39,xQW85Y4QIx/RZc4MsgsHw1B92Lk=,K32iVh6Cy+YD9LZuOZty9cmQ+CI=
3,-39,xQW85Y4QIx/RZc4MsgsHw1B92Lk=,K32iVh6Cy+YD9LZuOZty9cmQ+CI=
12,-46,xQW85Y4QIx/RZc4MsgsHw1B92Lk=,K32iVh6Cy+YD9LZuOZty9cmQ+CI=
1,-39,xQW85Y4QIx/RZc4MsgsHw1B92Lk=,K32iVh6Cy+YD9LZuOZty9cmQ+CI=
0,-39,xQW85Y4QIx/RZc4MsgsHw1B92Lk=,K32iVh6Cy+YD9LZuOZty9cmQ+CI=
14,-43,xQW85Y4QIx/RZc4MsgsHw1B92Lk=,K32iVh6Cy+YD9LZuOZty9cmQ+CI=
11,-47,xQW85Y4QIx/RZc4MsgsHw1B92Lk=,K32iVh6Cy+YD9LZuOZty9cmQ+CI=
12,-40,xQW85Y4QIx/RZc4MsgsHw1B92Lk=,K32iVh6Cy+YD9LZuOZty9cmQ+CI=
11,-48,xQW85Y4QIx/RZc4MsgsHw1B92Lk=,K32iVh6Cy+YD9LZuOZty9cmQ+CI=
11,-40,xQW85Y4QIx/RZc4MsgsHw1B92Lk=,K32iVh6Cy+YD9LZuOZty9cmQ+CI=
14,-40,xQW85Y4QIx/RZc4MsgsHw1B92Lk=,K32iVh6Cy+YD9LZuOZty9cmQ+CI=
9,-40,xQW85Y4QIx/RZc4MsgsHw1B92Lk=,K32iVh6Cy+YD9LZuOZty9cmQ+CI=
15,-43,xQW85Y4QIx/RZc4MsgsHw1B92Lk=,K32iVh6Cy+YD9LZuOZty9cmQ+CI=
15,-40,xQW85Y4QIx/RZc4MsgsHw1B92Lk=,K32iVh6Cy+YD9LZuOZty9cmQ+CI=
10,-40,xQW85Y4QIx/RZc4MsgsHw1B92Lk=,K32iVh6Cy+YD9LZuOZty9cmQ+CI=
13,-40,xQW85Y4QIx/RZc4MsgsHw1B92Lk=,K32iVh6Cy+YD9LZuOZty9cmQ+CI=
8,-40,xQW85Y4QIx/RZc4MsgsHw1B92Lk=,K32iVh6Cy+YD9LZuOZty9cmQ+CI=
6,-40,xQW85Y4QIx/RZc4MsgsHw1B92Lk=,K32iVh6Cy+YD9LZuOZty9cmQ+CI=
7,-40,xQW85Y4QIx/RZc4MsgsHw1B92Lk=,K32iVh6Cy+YD9LZuOZty9cmQ+CI=
4,-40,xQW85Y4QIx/RZc4MsgsHw1B92Lk=,K32iVh6Cy+YD9LZuOZty9cmQ+CI=
3,-40,xQW85Y4QIx/RZc4MsgsHw1B92Lk=,K32iVh6Cy+YD9LZuOZty9cmQ+CI=
11,-46,xQW85Y4QIx/RZc4MsgsHw1B92Lk=,K32iVh6Cy+YD9LZuOZty9cmQ+CI=
2,-40,xQW85Y4QIx/RZc4MsgsHw1B92Lk=,K32iVh6Cy+YD9LZuOZty9cmQ+CI=
10,-48,xQW85Y4QIx/RZc4MsgsHw1B92Lk=,K32iVh6Cy+YD9LZuOZty9cmQ+CI=
8,-47,xQW85Y4QIx/RZc4MsgsHw1B92Lk=,K32iVh6Cy+YD9LZuOZty9cmQ+CI=
5,-40,xQW85Y4QIx/RZc4MsgsHw1B92Lk=,K32iVh6Cy+YD9LZuOZty9cmQ+CI=
13,-41,xQW85Y4QIx/RZc4MsgsHw1B92Lk=,K32iVh6Cy+YD9LZuOZty9cmQ+CI=
1,-40,xQW85Y4QIx/RZc4MsgsHw1B92Lk=,K32iVh6Cy+YD9LZuOZty9cmQ+CI=
10,-47,xQW85Y4QIx/RZc4MsgsHw1B92Lk=,K32iVh6Cy+YD9LZuOZty9cmQ+CI=
14,-41,xQW85Y4QIx/RZc4MsgsHw1B92Lk=,K32iVh6Cy+YD9LZuOZty9cmQ+CI=
0,-40,xQW85Y4QIx/RZc4MsgsHw1B92Lk=,K32iVh6Cy+YD9LZuOZty9cmQ+CI=
11,-41,xQW85Y4QIx/RZc4MsgsHw1B92Lk=,K32iVh6Cy+YD9LZuOZty9cmQ+CI=
15,-41,xQW85Y4QIx/RZc4MsgsHw1B92Lk=,K32iVh6Cy+YD9LZuOZty9cmQ+CI=
8,-48,xQW85Y4QIx/RZc4MsgsHw1B92Lk=,K32iVh6Cy+YD9LZuOZty9cmQ+CI=
9,-41,xQW85Y4QIx/RZc4MsgsHw1B92Lk=,K32iVh6Cy+YD9LZuOZty9cmQ+CI=
6,-41,xQW85Y4QIx/RZc4MsgsHw1B92Lk=,K32iVh6Cy+YD9LZuOZty9cmQ+CI=
10,-41,xQW85Y4QIx/RZc4MsgsHw1B92Lk=,K32iVh6Cy+YD9LZuOZty9cmQ+CI=
7,-41,xQW85Y4QIx/RZc4MsgsHw1B92Lk=,K32iVh6Cy+YD9LZuOZty9cmQ+CI=
12,-41,xQW85Y4QIx/RZc4MsgsHw1B92Lk=,K32iVh6Cy+YD9LZuOZty9cmQ+CI=
4,-41,xQW85Y4QIx/RZc4MsgsHw1B92Lk=,K32iVh6Cy+YD9LZuOZty9cmQ+CI=
10,-46,xQW85Y4QIx/RZc4MsgsHw1B92Lk=,K32iVh6Cy+YD9LZuOZty9cmQ+CI=
0,-41,xQW85Y4QIx/RZc4MsgsHw1B92Lk=,K32iVh6Cy+YD9LZuOZty9cmQ+CI=
3,-41,xQW85Y4QIx/RZc4MsgsHw1B92Lk=,K32iVh6Cy+YD9LZuOZty9cmQ+CI=
5,-41,xQW85Y4QIx/RZc4MsgsHw1B92Lk=,K32iVh6Cy+YD9LZuOZty9cmQ+CI=
8,-41,xQW85Y4QIx/RZc4MsgsHw1B92Lk=,K32iVh6Cy+YD9LZuOZty9cmQ+CI=
0,-42,xQW85Y4QIx/RZc4MsgsHw1B92Lk=,K32iVh6Cy+YD9LZuOZty9cmQ+CI=
2,-41,xQW85Y4QIx/RZc4MsgsHw1B92Lk=,K32iVh6Cy+YD9LZuOZty9cmQ+CI=
1,-41,xQW85Y4QIx/RZc4MsgsHw1B92Lk=,K32iVh6Cy+YD9LZuOZty9cmQ+CI=
13,-42,xQW85Y4QIx/RZc4MsgsHw1B92Lk=,K32iVh6Cy+YD9LZuOZty9cmQ+CI=
9,-48,xQW85Y4QIx/RZc4MsgsHw1B92Lk=,K32iVh6Cy+YD9LZuOZty9cmQ+CI=
9,-46,xQW85Y4QIx/RZc4MsgsHw1B92Lk=,K32iVh6Cy+YD9LZuOZty9cmQ+CI=
9,-47,xQW85Y4QIx/RZc4MsgsHw1B92Lk=,K32iVh6Cy+YD9LZuOZty9cmQ+CI=
10,-42,xQW85Y4QIx/RZc4MsgsHw1B92Lk=,K32iVh6Cy+YD9LZuOZty9cmQ+CI=
14,-42,xQW85Y4QIx/RZc4MsgsHw1B92Lk=,K32iVh6Cy+YD9LZuOZty9cmQ+CI=
15,-42,xQW85Y4QIx/RZc4MsgsHw1B92Lk=,K32iVh6Cy+YD9LZuOZty9cmQ+CI=
7,-42,xQW85Y4QIx/RZc4MsgsHw1B92Lk=,K32iVh6Cy+YD9LZuOZty9cmQ+CI=
12,-42,xQW85Y4QIx/RZc4MsgsHw1B92Lk=,K32iVh6Cy+YD9LZuOZty9cmQ+CI=
1,-42,xQW85Y4QIx/RZc4MsgsHw1B92Lk=,K32iVh6Cy+YD9LZuOZty9cmQ+CI=
9,-42,xQW85Y4QIx/RZc4MsgsHw1B92Lk=,K32iVh6Cy+YD9LZuOZty9cmQ+CI=
11,-42,xQW85Y4QIx/RZc4MsgsHw1B92Lk=,K32iVh6Cy+YD9LZuOZty9cmQ+CI=
8,-42,xQW85Y4QIx/RZc4MsgsHw1B92Lk=,K32iVh6Cy+YD9LZuOZty9cmQ+CI=
6,-42,xQW85Y4QIx/RZc4MsgsHw1B92Lk=,K32iVh6Cy+YD9LZuOZty9cmQ+CI=
5,-42,xQW85Y4QIx/RZc4MsgsHw1B92Lk=,K32iVh6Cy+YD9LZuOZty9cmQ+CI=
4,-42,xQW85Y4QIx/RZc4MsgsHw1B92Lk=,K32iVh6Cy+YD9LZuOZty9cmQ+CI=
12,-39,xQW85Y4QIx/RZc4MsgsHw1B92Lk=,K32iVh6Cy+YD9LZuOZty9cmQ+CI=
3,-42,xQW85Y4QIx/RZc4MsgsHw1B92Lk=,K32iVh6Cy+YD9LZuOZty9cmQ+CI=
2,-42,xQW85Y4QIx/RZc4MsgsHw1B92Lk=,K32iVh6Cy+YD9LZuOZty9cmQ+CI=
